,SNP,Chr,Pos,P.value,MAF,traits
16483,16483,11,33243330,5.672423e-11,0.1134021,BLINK.pheno
4414, 4414,3,45355483,2.105178e-09,0.1391753,BLINK.pheno
13039,13039,9,28490006,4.386478e-08,0.2216495,BLINK.pheno
