SNP,Chromosome,Position ,P.value,maf,nobs,Rsquare.of.Model.without.SNP,Rsquare.of.Model.with.SNP,effect,Phenotype_Variance_Explained(%)
3026,3,4891054,4.3359919522646e-07,0.0979381443298969,92,NA,NA,NA,3.57714041400394e-08
3027,3,4891056,4.3359919522646e-07,0.0979381443298969,92,NA,NA,NA,3.819884812554e-08
4414,3,45355483,5.1175512232141e-07,0.139175257731959,92,NA,NA,NA,4.44378629199222
6779,5,4355701,4.48713308168196e-08,0.128865979381443,92,NA,NA,NA,0.374010737883026
6803,5,4684569,2.14014740636565e-07,0.154639175257732,92,NA,NA,NA,0.22712349589123
7398,5,35824337,5.06838199221503e-07,0.108247422680412,92,NA,NA,NA,3.601804671711e-10
10194,7,17555663,8.85125435460087e-07,0.180412371134021,92,NA,NA,NA,8.25039720583059e-09
10195,7,17555788,8.85125435460248e-07,0.180412371134021,92,NA,NA,NA,2.03116612140748e-08
10209,7,17902694,1.13176161682475e-07,0.108247422680412,92,NA,NA,NA,0
10210,7,17902749,1.13176161682475e-07,0.108247422680412,92,NA,NA,NA,0
10211,7,17902783,1.13176161682586e-07,0.108247422680412,92,NA,NA,NA,2.05364672996713e-09
10304,7,23283363,5.04056014627855e-07,0.170103092783505,92,NA,NA,NA,1.66084347974665e-08
10396,7,27170909,5.60100721874117e-07,0.123711340206186,92,NA,NA,NA,0.419417498533658
13928,10,571336,1.51980805988183e-06,0.118556701030928,92,NA,NA,NA,0.230428662891922
15394,10,40256295,3.00669925736168e-07,0.0979381443298969,92,NA,NA,NA,1.25676385635448e-09
15396,10,40282492,1.04146515777619e-07,0.0824742268041238,92,NA,NA,NA,1.72206264990991e-08
15403,10,40347104,7.61246075249992e-08,0.0773195876288659,92,NA,NA,NA,3.59004610547839
15404,10,40378675,1.12691863230577e-07,0.0721649484536082,92,NA,NA,NA,2.30548631672689e-07
15410,10,40511307,4.11417040454109e-07,0.139175257731959,92,NA,NA,NA,0
16483,11,33243330,2.18711202178318e-08,0.11340206185567,92,NA,NA,NA,7.28116100035423
26075,18,3591942,8.48421482430961e-07,0.154639175257732,92,NA,NA,NA,2.908417955233e-07
29324,19,39915150,1.09260814291253e-06,0.123711340206186,92,NA,NA,NA,0.533222939589837
29653,19,47795676,2.09679193515018e-07,0.103092783505155,92,NA,NA,NA,0
29654,19,47796136,3.4031962935467e-07,0.108247422680412,92,NA,NA,NA,0
