SNP,Chromosome,Position,P.value,maf,nobs,effect,Phenotype_Variance_Explained(%)
20806,18,61818402,1.87561573471154e-06,0.5,97,1.83250994205454,34.3133855378702
