SNP,Chromosome,Position,P.value,maf,nobs,effect,Phenotype_Variance_Explained(%)
4414,3,45355483,2.1051776414511e-09,0.139175257731959,97,152.184998478253,46.1839492836637
13039,9,28490006,4.38647780389465e-08,0.221649484536082,97,105.772035506383,4.35028164299827
16483,11,33243330,5.67242301810877e-11,0.11340206185567,97,-148.898928891639,27.6206384488531
