SNP,Chromosome,Position,P.value,maf,nobs,effect,Phenotype_Variance_Explained(%)
4414,3,45355483,2.58248046576834e-08,0.139175257731959,97,103.164182890069,36.2968950313075
16483,11,33243330,3.21393483567125e-10,0.11340206185567,97,-106.232197799016,10.0128763906544
17486,12,39996708,4.03720395813434e-08,0.164948453608247,97,-72.7242386983212,4.77032479303096
18909,13,39682867,2.30843202804573e-07,0.139175257731959,97,-72.2674495288556,10.202941201129
30544,20,36271980,1.50995533503831e-07,0.474226804123711,97,37.6661411116693,1.43258725000192
