,SNP,Chr,Pos,P.value,MAF,traits
16483,16483,11,33243330,3.213935e-10,0.1134021,FarmCPU.pheno
17486,17486,12,39996708,4.037204e-08,0.1649485,FarmCPU.pheno
18909,18909,13,39682867,2.308432e-07,0.1391753,FarmCPU.pheno
30544,30544,20,36271980,1.509955e-07,0.4742268,FarmCPU.pheno
4414, 4414,3,45355483,2.582480e-08,0.1391753,FarmCPU.pheno
